{
  "samples": [
    {
      "detected": "方形脸",
      "correct": "瓜子脸",
      "profile": [
        0.9838056680161943,
        1,
        0.9730094466936572,
        0.7638326585695007
      ],
      "wh_ratio": 0.8487972508591065,
      "jawline": {
        "curvature": 2.1769229629687112,
        "lower_angle": 64.37926441416857,
        "overall_angle": 37.02793034825406,
        "segment_angles": [
          16.60124698717081,
          37.184706453233126,
          47.77916686407208,
          52.49585763972986,
          54.21102654081667,
          66.25050550713325,
          84.55966796899449
        ],
        "slope_diff": 30.524224312676573,
        "smoothness": 0.12940695865006094,
        "upper_angle": 33.855040101492
      },
      "note": "",
      "ts": 1774353387985
    },
    {
      "detected": "瓜子脸",
      "correct": "圆形脸",
      "profile": [
        0.9841269841269841,
        1,
        0.9866332497911445,
        0.8095238095238095
      ],
      "wh_ratio": 0.8243801652892562,
      "jawline": {
        "curvature": 1.5308188466722967,
        "lower_angle": 65.99816242227793,
        "overall_angle": 36.20945681718605,
        "segment_angles": [
          12.563469398518377,
          34.86219614691487,
          45.36493633573065,
          51.34019174590991,
          57.188633201931886,
          70.267310500339,
          85.19651424093092
        ],
        "slope_diff": 35.0679617952233,
        "smoothness": 0.15018064236855108,
        "upper_angle": 30.93020062705463
      },
      "note": "",
      "ts": 1774353869682
    },
    {
      "detected": "圆形脸",
      "correct": "圆形脸",
      "profile": [
        0.9447415329768271,
        1,
        0.9964349376114082,
        0.8342245989304813
      ],
      "wh_ratio": 0.8467924528301887,
      "jawline": {
        "curvature": 2.085270447921097,
        "lower_angle": 70.4507067159083,
        "overall_angle": 38.79835976424375,
        "segment_angles": [
          12.142857622180205,
          38.659808254090095,
          49.920616036363995,
          57.78345394142436,
          63.14557865948142,
          73.88658176691071,
          86.98721249581666
        ],
        "slope_diff": 36.87627941169686,
        "smoothness": 0.12892165289170585,
        "upper_angle": 33.57442730421143
      },
      "note": "正脸拍摄",
      "ts": 1774354169378
    },
    {
      "detected": "瓜子脸",
      "correct": "圆形脸",
      "profile": [
        0.9877750611246944,
        1,
        0.973920130399348,
        0.78239608801956
      ],
      "wh_ratio": 0.8341264445955132,
      "jawline": {
        "curvature": 1.3819709645148142,
        "lower_angle": 63.73456946282184,
        "overall_angle": 35.97523528290031,
        "segment_angles": [
          14.266243131523868,
          36.22494425552033,
          44.63506366426936,
          49.61064931866061,
          54.68878656036681,
          67.52056560289688,
          83.11827636936306
        ],
        "slope_diff": 32.025819112383985,
        "smoothness": 0.14137906388655141,
        "upper_angle": 31.70875035043785
      },
      "note": "正脸拍摄",
      "ts": 1774354190511
    },
    {
      "detected": "瓜子脸",
      "correct": "圆形脸",
      "profile": [
        0.9857740585774059,
        1,
        0.9841004184100418,
        0.8066945606694561
      ],
      "wh_ratio": 0.8179329226557153,
      "jawline": {
        "curvature": 1.446288448472799,
        "lower_angle": 64.78781916224067,
        "overall_angle": 35.409039077916994,
        "segment_angles": [
          12.644090812157241,
          34.72899627952093,
          44.63506366426936,
          49.61064931866061,
          56.12918928961119,
          68.8752808539275,
          84.53615718676336
        ],
        "slope_diff": 34.118435576924824,
        "smoothness": 0.14781206452655582,
        "upper_angle": 30.669383585315842
      },
      "note": "正脸拍摄",
      "ts": 1774354289728
    },
    {
      "detected": "方形脸",
      "correct": "瓜子脸",
      "profile": [
        0.9860917941585535,
        1,
        0.980528511821975,
        0.7899860917941586
      ],
      "wh_ratio": 0.8331402085747392,
      "jawline": {
        "curvature": 2.130520223543395,
        "lower_angle": 63.61793028202894,
        "overall_angle": 36.201858075445976,
        "segment_angles": [
          15.042800746053846,
          35.445710327598235,
          46.66833744829331,
          50.19442890773481,
          53.74616226255521,
          65.72555886556054,
          84.8055710922652
        ],
        "slope_diff": 31.23231410804714,
        "smoothness": 0.13107349003601307,
        "upper_angle": 32.385616173981795
      },
      "note": "",
      "ts": 1774357764662
    },
    {
      "detected": "方形脸",
      "correct": "瓜子脸",
      "profile": [
        0.9838056680161943,
        1,
        0.9730094466936572,
        0.7638326585695007
      ],
      "wh_ratio": 0.8487972508591065,
      "jawline": {
        "curvature": 2.1769229629687112,
        "lower_angle": 64.37926441416857,
        "overall_angle": 37.02793034825406,
        "segment_angles": [
          16.60124698717081,
          37.184706453233126,
          47.77916686407208,
          52.49585763972986,
          54.21102654081667,
          66.25050550713325,
          84.55966796899449
        ],
        "slope_diff": 30.524224312676573,
        "smoothness": 0.12940695865006094,
        "upper_angle": 33.855040101492
      },
      "note": "",
      "ts": 1774358841493
    },
    {
      "detected": "鹅蛋脸",
      "correct": "鹅蛋脸",
      "profile": [
        0.9486552567237164,
        1,
        0.9690301548492257,
        0.8158109209453953
      ],
      "wh_ratio": 0.823489932885906,
      "jawline": {
        "curvature": 1.440900623210236,
        "lower_angle": 64.8929036396941,
        "overall_angle": 36.047526665845844,
        "segment_angles": [
          14.560275619356876,
          38.24642596446901,
          46.46880071438582,
          51.654425046006594,
          56.12146019489035,
          68.07822140604085,
          83.71750791183861
        ],
        "slope_diff": 31.801069540290193,
        "smoothness": 0.1305944702319221,
        "upper_angle": 33.091834099403904
      },
      "note": "",
      "ts": 1774360676589
    }
  ]
}